id,longitud,latitud,common_id
3842,-3.6917268449043,40.4221320929972,1
3843,-3.69192878230734,40.4214333442836,1
3845,-3.69099128548591,40.4235122547331,1
3850,-3.69252547121172,40.4260039466159,1
7029,-3.69078016561876,40.4242200932479,1
10034,-3.69203250238828,40.4233361722719,1
3851,-3.68994760550778,40.4273048117337,1
10036,-3.69392090223793,40.4237223062949,5
3854,-3.69646351117965,40.4254530561641,5
3855,-3.6977531922756,40.4251261715913,5
3852,-3.69017286011812,40.4260050979408,1
7026,-3.69074248190305,40.424210771059,1
7011,-3.69037359172057,40.42552784045,1
7030,-3.69066453201281,40.4247407578891,1
7032,-3.69005690467226,40.4252285841949,1
3932,-3.68746505818727,40.4275546882102,1
3936,-3.69154697769176,40.4195110440067,1
3939,-3.68844000796663,40.4220584628914,1
3940,-3.68840397772139,40.4255186306253,1
3945,-3.68763597537189,40.4278899827757,1
3946,-3.68671163922991,40.4253577524146,1
3798,-3.68859236593961,40.4210312620902,1
3697,-3.68611751751892,40.4205801927727,1
3947,-3.68880191664221,40.4178752346038,1
3578,-3.68793072253055,40.4250275376413,1
4223,-3.68945724977498,40.4243179145643,1
10812,-3.68672167479408,40.4253219273726,1
10018,-3.69175855080026,40.4195012649462,1
9894,-3.68523036513497,40.4238224300742,1
9893,-3.6843169489796,40.4228092417714,1
3720,-3.68415748969854,40.4240915287305,1
9890,-3.6840142173171,40.4267426222716,1
3965,-3.68380241374166,40.4292143637231,1
3980,-3.68462318370131,40.4303327596788,1
4014,-3.684840344358,40.4263740967538,1
3994,-3.67558007519407,40.426269904565,1
3613,-3.67535390041617,40.4287960644127,1
4002,-3.67826705603239,40.4248808509668,1
4003,-3.6801333422201,40.4259724358807,1
4011,-3.67977626883306,40.4290210289434,1
7037,-3.68289099686099,40.4251535149547,1
4015,-3.68128480553524,40.4250324131808,1
5082,-3.6787897825683,40.4249511794721,1
4016,-3.68231407300362,40.4302296835557,1
4017,-3.68256326647983,40.4302628582983,1
10101,-3.67993944654674,40.4273765188519,1
10102,-3.6800727274119,40.4263056927405,1
3753,-3.67267461217112,40.4262328460393,1
4021,-3.6781656430996,40.4236451200692,1
4022,-3.68127128642535,40.4213772110144,1
4024,-3.67556296253758,40.427116021079,1
4026,-3.68133898135108,40.4214198340098,1
4027,-3.68338794361065,40.4211446956205,1
4028,-3.68182562122249,40.4221139181219,1
4029,-3.67903946817427,40.4233313845817,1
4039,-3.67273371629327,40.4246640726759,1
4041,-3.67587897720317,40.4231721625565,1
4042,-3.67587132737107,40.4225612272633,1
4043,-3.68021898879256,40.4237516299769,1
4044,-3.68002421503225,40.4235691100293,1
4045,-3.68033429271479,40.4235259002686,1
4046,-3.67270236080015,40.4230167951056,1
4047,-3.67279026340944,40.4232478317642,1
4048,-3.68345711513287,40.4210109627321,1
9888,-3.68128014605133,40.4236476985772,1
10103,-3.68029544696768,40.423751942449,1
4052,-3.67454880608323,40.4214985058757,1
4053,-3.67773489329374,40.4216469904522,1
4054,-3.6795958733443,40.4207119277596,1
4055,-3.67735470166749,40.4215719156923,1
4057,-3.67523426481425,40.418293008102,1
4058,-3.67683169095101,40.4182089316057,1
10093,-3.67629518815715,40.4178335655139,1
4060,-3.67710653719806,40.4135218703595,1
4064,-3.67618320178212,40.4193357883081,1
4067,-3.67605349342928,40.4205534796912,1
4068,-3.67987739170182,40.4211597821675,1
4070,-3.67436925977741,40.4216671172725,1
4071,-3.68008829218404,40.4218334449115,1
4073,-3.67890960419206,40.4219012517461,1
4074,-3.67894646718776,40.4214199817475,1
4075,-3.67197967922675,40.421377699754,1
4076,-3.67406783431638,40.421405065187,1
4077,-3.67285822712698,40.4211305308428,1
3764,-3.67633497533068,40.4171675447777,1
7054,-3.67241630724101,40.4181558889209,1
7055,-3.67385916124439,40.4180633637309,1
7053,-3.673179334495,40.4174510749861,1
10080,-3.67796016974448,40.4162347930054,1
10081,-3.67749322676066,40.4169418632818,1
10082,-3.67866946722999,40.4177840862996,1
10083,-3.67640401334029,40.4160280199649,1
10085,-3.67521357983111,40.4169622535745,1
10084,-3.67690817589668,40.4170623912072,1
4155,-3.68904104612264,40.4164686512777,1
3758,-3.689813185668,40.4173514352942,1
3759,-3.68891490998184,40.4158871696408,1
3523,-3.68886869545745,40.4157298807288,1
4156,-3.68997320258897,40.4150892172257,1
4157,-3.69016794907998,40.4153674325301,1
4158,-3.6888808598972,40.4143241897978,1
4159,-3.68881736012061,40.4141962511411,1
4170,-3.69562783396256,40.4156300815821,5
7041,-3.69424023644407,40.4172664922218,5
4172,-3.69230380156504,40.416101027873,5
3465,-3.68884586368096,40.4190628137953,1
4171,-3.69361718727446,40.4163383692898,5
4199,-3.70365674181888,40.4137984950778,5
4200,-3.70145208218811,40.4140483655006,5
4201,-3.70189544167045,40.4135866691683,5
4202,-3.70101113544929,40.4123580168168,5
4203,-3.70053807050934,40.4130526557085,5
4205,-3.69743711883597,40.4115190456802,5
10427,-3.69789770115965,40.4117025173095,5
7133,-3.69769677518222,40.41164354195,5
7113,-3.69565521457881,40.4189928141266,5
4243,-3.69339821147348,40.4173160153161,5
3671,-3.69043647943342,40.4198203367366,1
4244,-3.69206142057694,40.4214170214981,1
4245,-3.69562797965495,40.419811306095,5
4246,-3.694147587108,40.4192695025581,5
4247,-3.69567837591634,40.4190594768081,5
4248,-3.69752800152165,40.4184950862564,5
4249,-3.69522302221685,40.4189657130297,5
4250,-3.69828344633079,40.4181801040536,5
4251,-3.69848821768513,40.4174424827987,5
4252,-3.69889712237674,40.4180473500447,5
10528,-3.69890861868278,40.4180992149015,5
4254,-3.70066619469423,40.4163583344235,5
10608,-3.7007610606823,40.4166515185186,5
4256,-3.7001080932428,40.4170907995587,5
10530,-3.70032376469987,40.4168796628641,5
10527,-3.70022999561546,40.4170318456402,5
4257,-3.69562262826043,40.4225103948079,5
10639,-3.69899468006271,40.4179273483523,5
4258,-3.69476014561193,40.4219100144976,5
4260,-3.71472927176963,40.4151003864676,0
4261,-3.71351183176302,40.4155831243654,0
3707,-3.71282385837437,40.4151607752587,5
4268,-3.71029650994437,40.415548638761,5
4269,-3.70811276511445,40.4160884247859,5
4270,-3.70862608506018,40.4163739068963,5
7087,-3.71345616327172,40.4155277063108,0
7090,-3.6924366906577,40.4203383272778,1
7091,-3.69285094334173,40.4193216270748,5
4279,-3.71349381679639,40.4152671798717,0
4281,-3.70799079982885,40.4243350154074,0
4282,-3.70902405001788,40.4236510185539,0
7101,-3.71783692400111,40.4201980185466,0
4283,-3.71109464253321,40.4246828098882,0
4284,-3.71172367484345,40.4241831207096,0
4285,-3.71146594109062,40.4231557451727,0
4286,-3.71141909341181,40.4240440127435,0
4287,-3.70981549203136,40.4232687146139,0
4289,-3.70900699692898,40.4221761762835,0
4290,-3.70924511344124,40.421652676523,0
4291,-3.71031105831359,40.4224153265477,0
4292,-3.71025511432192,40.4230536024265,0
4293,-3.70763619359173,40.4226913193463,0
4294,-3.70754424387476,40.4212442957719,5
4295,-3.708286927061,40.4207009803295,5
4296,-3.70832533182008,40.4207660989316,5
4297,-3.70830336877634,40.4218088008877,0
10386,-3.70680769061748,40.4207624165031,5
4298,-3.70800212302534,40.4206104065285,5
3672,-3.70713558564493,40.4210698409779,5
10387,-3.70501526704066,40.4202824510468,5
4353,-3.71244863241916,40.4254233953763,0
4301,-3.70409218359025,40.4202165739766,5
10388,-3.70566936408025,40.4202870535545,5
3730,-3.70201907619858,40.4200202030484,5
4303,-3.70283502244672,40.4194313242909,5
3731,-3.70317957240832,40.4194498963901,5
10678,-3.69973561126846,40.4193733528162,5
4305,-3.70109238987386,40.4202072484814,5
4306,-3.70059191486526,40.4199157137717,5
4307,-3.6985062768936,40.4194429903648,5
4308,-3.69796917499602,40.41923544901,5
4309,-3.70006870407163,40.419879746033,5
4310,-3.70050376030406,40.4211134042277,5
4311,-3.69994757112455,40.4207948483253,5
4312,-3.69857764126084,40.4224368083866,5
10874,-3.7140140898232,40.4226082728755,0
4313,-3.71287762828913,40.4222992695172,0
4314,-3.7128439891545,40.4211792734367,0
4315,-3.71375087365709,40.4215890562547,0
4316,-3.71395553231156,40.4226424060592,0
4317,-3.71484366525698,40.4207357285303,0
4318,-3.71570083797003,40.4200544863743,0
4319,-3.71600561321027,40.4212226678573,0
4320,-3.71784026871331,40.4202699754437,0
3650,-3.71776854324245,40.4203290993232,0
4332,-3.72148923545255,40.4220444408827,0
10885,-3.71304584475727,40.4222997950751,0
10875,-3.71413717838499,40.4227566703076,0
3747,-3.71592585827455,40.4318903707222,0
4343,-3.71664838556904,40.4310967037801,0
10646,-3.71411611664768,40.4248186580617,0
4345,-3.71723861555659,40.430271806335,0
4346,-3.71645991725651,40.4309721622767,0
4347,-3.71681071221696,40.4305096531107,0
4348,-3.7156835846683,40.4296697745181,0
3621,-3.71433654329022,40.4297448283687,0
4349,-3.71443618370974,40.4281465945118,0
4350,-3.71518903186489,40.4292036066152,0
4351,-3.71485654281725,40.4286052911919,0
4352,-3.71483694299077,40.4271864424708,0
4354,-3.71294064024038,40.4259110117283,0
10645,-3.71450424504188,40.4241313231873,0
4355,-3.71339963785169,40.4260317932954,0
4361,-3.72127862911182,40.4289718637269,0
3565,-3.71937351404315,40.4282743230888,0
4363,-3.72067425137731,40.4292795480215,0
4364,-3.71995687830428,40.4271032947196,0
4365,-3.71696021836144,40.4280582423154,0
4366,-3.71866065146789,40.4273209459756,0
4367,-3.71542641869995,40.4252938778743,0
10647,-3.71394452783198,40.4238123428557,0
4370,-3.71781393535262,40.4293214718459,0
4371,-3.71853790856866,40.4299160651564,0
4372,-3.71770802182542,40.4263867448972,0
4377,-3.71765056964571,40.4264954644007,0
10271,-3.72075272999157,40.4292098701669,0
10338,-3.7177912883586,40.4277051031,0
10884,-3.71544563580271,40.4240577921547,0
10883,-3.71502398572168,40.4238591433767,0
10878,-3.71545104957212,40.4241970310354,0
7063,-3.71495932792405,40.4288768055446,0
7065,-3.71499284818243,40.4288055919734,0
4380,-3.71343413786757,40.4316572853892,0
4382,-3.71296164645848,40.4302454775541,0
4383,-3.7067320281537,40.4297669515638,0
4384,-3.71240402739184,40.4303072777306,0
4385,-3.71554842917986,40.4305281986079,0
4386,-3.70783102708239,40.4297419392465,0
4400,-3.70459665142669,40.4293546639078,0
4387,-3.7093677006733,40.4290075752897,0
4388,-3.70988371720977,40.4300378270577,0
4389,-3.71039183324114,40.4299977708004,0
3807,-3.7031916787244,40.4292047628742,0
7067,-3.7067624859297,40.4297199227387,0
4390,-3.70609007616516,40.428790397698,0
4391,-3.71236863745041,40.4295716265133,0
4392,-3.70616953556883,40.428202599192,0
3620,-3.70729082085701,40.4256015832603,0
4393,-3.70744170081916,40.4251639165911,0
4394,-3.70757234423915,40.4255813563993,0
4395,-3.70746335055862,40.4232702384865,0
5130,-3.71453833900534,40.430510785626,0
4402,-3.71416975359292,40.4301521503887,0
10217,-3.71226872463773,40.4302589277291,0
10258,-3.70666021201341,40.4267124623343,0
10259,-3.70655457936203,40.4269882482452,0
4397,-3.70613904903569,40.4296812137016,0
4398,-3.70551952139613,40.4295086367494,0
4418,-3.70529531223244,40.4310995420141,0
4419,-3.70950853857601,40.4388524542962,7
4421,-3.70646942765812,40.4387421828236,7
3693,-3.70417289464406,40.4397052021217,7
4422,-3.70887740078127,40.4317683486637,0
4424,-3.70837444129294,40.4375639377104,7
9977,-3.71074716180313,40.4389160196517,7
10604,-3.71176842527532,40.4312159521322,0
10605,-3.71126669138915,40.431713779358,0
4433,-3.70203039813358,40.4385655758282,7
4464,-3.70122053928996,40.4406886350591,7
4454,-3.70407118675844,40.4431427480204,7
4455,-3.69940778138612,40.4419078523185,7
4456,-3.70218762897587,40.4420550078376,7
3468,-3.7158881132926,40.4404431003984,7
3469,-3.71389974862777,40.4416838753425,7
6979,-3.7120744509757,40.4429194051544,7
4473,-3.71249454794486,40.4434361606907,7
10985,-3.71153876670904,40.4434083255119,7
3395,-3.70956972372045,40.4428359488877,7
3397,-3.71396616510212,40.439020177168,7
4475,-3.71277567820613,40.4398739470645,7
7019,-3.71128259498894,40.4396974393427,7
4476,-3.71604348135276,40.4485234121644,7
4477,-3.71702006798012,40.4480699886913,7
10560,-3.71235018924231,40.4427952400717,7
4757,-3.74221471890486,40.3916475402584,3
4747,-3.74263878825345,40.3956938805978,3
4749,-3.74294637393728,40.3946424083461,3
4750,-3.74147894180162,40.3934170406371,3
4751,-3.73988224787372,40.3937902115004,3
3566,-3.7397716611665,40.3938255399006,3
3567,-3.7403771910439,40.3926678088172,3
3568,-3.74148706689909,40.3925142536022,3
4752,-3.74161129478713,40.3924672882741,3
4754,-3.73827273329776,40.3954090765466,3
4753,-3.73855092873467,40.3945156678614,3
4756,-3.73734803755121,40.3962003043774,3
10986,-3.72071740137786,40.4209993754565,0
4479,-3.7239428044585,40.4234660499047,0
4304,-3.72147737857154,40.4214403820746,0
4321,-3.71838630642314,40.4203780600996,0
4322,-3.71811970345196,40.4211499870695,0
4323,-3.72021860322083,40.4183765919563,0
4324,-3.72052965669902,40.4188939645056,0
3651,-3.72065638261227,40.4184925111266,0
4519,-3.71193020333765,40.4528144988526,7
4520,-3.71230251852831,40.4525906345515,7
4521,-3.7111291181328,40.4514155349472,7
4522,-3.71034458611366,40.4524637088455,7
4523,-3.71040445661619,40.4524178979075,7
3638,-3.71309988966634,40.4532214428537,7
4527,-3.71313495277982,40.4529410107116,7
4528,-3.70870631577242,40.4527632975809,7
3733,-3.70947317565202,40.4511298814983,7
3413,-3.70947683719569,40.4503433256353,7
3412,-3.70832229358804,40.4485185826744,7
10212,-3.71034597529703,40.4500721142718,7
9914,-3.71115459807246,40.4495501335168,7
10195,-3.71119918426305,40.4509448771999,7
6983,-3.70890216739658,40.4481463904042,7
4545,-3.71065517781777,40.4699099397398,8
4546,-3.71007591672326,40.4713967599911,8
4548,-3.71265120569911,40.4714331447222,8
4549,-3.71219361328428,40.4724656392755,8
4550,-3.7111918816917,40.4729685587571,8
4551,-3.71151968335281,40.4739395203613,8
4552,-3.71158787419279,40.474011064621,8
4553,-3.70971105633761,40.4755935656985,8
4554,-3.71098807261568,40.4722433868347,8
9882,-3.70457614727137,40.4728011599444,8
4556,-3.71264125105719,40.47644603765,8
3408,-3.71162240790075,40.4762087368127,8
4557,-3.71136203318915,40.4757243354542,8
4560,-3.7006751966312,40.4753189375536,8
4561,-3.70111261694707,40.4763730602421,8
4562,-3.70122797817145,40.4764193015311,8
3824,-3.70202628466278,40.477246291731,8
3825,-3.70535174816423,40.4727592691719,8
4563,-3.70313195152711,40.4727405834941,8
4564,-3.70302431731683,40.4757157658872,8
3596,-3.70298878094559,40.476170017289,8
4565,-3.70281020066028,40.4770374449225,8
4566,-3.7037726086415,40.4778042530842,8
4567,-3.70521420542832,40.4765444344675,8
4568,-3.70511709465746,40.476605314867,8
4569,-3.70835838004552,40.4758823881637,8
3588,-3.71239706319455,40.4695310661394,8
4570,-3.71207483289218,40.4715542410899,8
4988,-3.71166015731752,40.3787362610102,10
5867,-3.65186806994926,40.4019134169455,6
5870,-3.72191881958517,40.4805690260724,8
5871,-3.72199948394828,40.480606685678,8
5872,-3.71922954601898,40.4817191023711,8
5873,-3.71937409841427,40.481738588924,8
5874,-3.71602938856618,40.4826840309865,8
5875,-3.71608946531446,40.4827435776243,8
5876,-3.71305939508608,40.4834285568132,8
5877,-3.71079380993613,40.4846280504537,8
5878,-3.70923309610895,40.4856757092534,8
5883,-3.7169377954909,40.4817085452037,8
5884,-3.71522908753476,40.4812818627316,8
5885,-3.7124748450218,40.4821600078879,8
5886,-3.71311352109167,40.4814197660438,8
10134,-3.70866830374727,40.4850883803245,8
5888,-3.70782567571731,40.4846929629981,8
5889,-3.7059719061823,40.4834176557114,8
5890,-3.70791487528786,40.4833883847078,8
5891,-3.70612336662746,40.4845116103753,8
5894,-3.71540000819024,40.4837209993387,8
5895,-3.71612000897145,40.4848884503655,8
5896,-3.71622616556751,40.4848556000239,8
5897,-3.71555571277157,40.4840989574195,8
5898,-3.71629399822722,40.4847997077996,8
10280,-3.71727922651446,40.4820801257334,8
3713,-3.71430598490364,40.4838654071722,8
10281,-3.71297006807103,40.4833628911466,8
10295,-3.70929093509519,40.485728963653,8
10296,-3.71016796055416,40.4851384002151,8
10640,-3.71768554233977,40.4856786895909,8
10886,-3.71752468076626,40.481157244278,8
10887,-3.71666059014803,40.4812162443569,8
10879,-3.71596815718707,40.4811229266543,8
10882,-3.71583135770471,40.4810194212552,8
10880,-3.71569159899567,40.4799820935255,8
10881,-3.71706121443634,40.480151290496,8
11027,-3.71631442778616,40.4808555861698,8
3714,-3.70974692114349,40.4853356732472,8
5906,-3.70936037273952,40.4859436090999,8
5887,-3.70876902866244,40.4856895041601,8
5902,-3.71701445730745,40.481374117635,8
3712,-3.72074713689263,40.4812339940256,8
5414,-3.71311389969711,40.4774352963977,8
5415,-3.71107000091051,40.4779383477937,8
5416,-3.71101199771558,40.4780456662083,8
5417,-3.70945601118345,40.4782680679346,8
5418,-3.70728447314529,40.4788358632243,8
5419,-3.70588867293572,40.4790095563261,8
3677,-3.70364388882738,40.4794323368933,8
5420,-3.70297210629771,40.4796631032227,8
3485,-3.70164925063173,40.4799497298389,8
5421,-3.71249873478529,40.4787020816619,8
5422,-3.71240916413291,40.4786427551278,8
5423,-3.71428548182446,40.479708211292,8
5424,-3.71107502395063,40.4807391930103,8
5425,-3.71106505893019,40.480634434685,8
5426,-3.706876498368,40.481506687961,8
5427,-3.70300488954865,40.482678175394,8
5430,-3.70458854242116,40.4801994730898,8
5431,-3.70445862569318,40.4801578621987,8
5432,-3.70575217147938,40.4829339045266,8
5434,-3.70372891878112,40.4782635374069,8
5435,-3.70288602270716,40.4801663675626,8
5436,-3.7024632330041,40.4791081641235,8
5437,-3.71177818350562,40.4768052772398,8
5438,-3.70887704157647,40.4804565495998,8
5439,-3.71244799854109,40.4807735660538,8
5440,-3.71331099905112,40.4797560058083,8
5442,-3.70902089339765,40.4814655922285,8
5443,-3.70579499728432,40.4814378916919,8
5444,-3.70444408102702,40.4824839230833,8
4555,-3.71209722136739,40.4775219272703,8
10187,-3.70598934201663,40.4791169430361,8
10184,-3.70790846033777,40.4785883966336,8
10182,-3.70894198378878,40.4784984888498,8
10186,-3.7090930806427,40.4784150529492,8
5917,-3.64647185219648,40.4339199351739,2
5918,-3.64472517880009,40.4347307989388,2
5919,-3.64285720437475,40.4356248097269,2
5920,-3.64292977107291,40.4356632166145,2
5921,-3.64043345045263,40.4368301734185,2
3593,-3.63955538245064,40.437219863886,2
3594,-3.63672110226802,40.4381976991885,2
5922,-3.63684007374803,40.4382329598169,2
5923,-3.63449554385309,40.4388841045877,2
5926,-3.64608080541607,40.4340781185197,2
3775,-3.63926863524514,40.4373924214655,2
3776,-3.64107879263076,40.4364894720124,2
10550,-3.62837441717706,40.4405474609077,2
5935,-3.6475408092093,40.4339394858583,2
5936,-3.64381159632204,40.4345425307577,2
5937,-3.64117679157423,40.4359501724264,2
5938,-3.63898786670111,40.4381962060663,2
5939,-3.63897226613014,40.4389371274578,2
5940,-3.63733429830611,40.4370464598334,2
5941,-3.63584482543196,40.4391265117945,2
5942,-3.63771504883542,40.4372838328195,2
10552,-3.6342063144256,40.4388762894243,2
10553,-3.63246474035759,40.4387968618114,2
10555,-3.63120035005536,40.4396939572945,2
10556,-3.63084264887293,40.4398809949809,2
10554,-3.63246408827355,40.4401793711091,2
10559,-3.62903561637412,40.4402812752114,2
10721,-3.63725295809627,40.4370295044256,2
10732,-3.64605670960887,40.4340578815751,2
10733,-3.6447065585367,40.4347063163633,2
10735,-3.64106475632777,40.4364635584978,2
10736,-3.63929454889823,40.437410542356,2
10734,-3.64046487334244,40.4368475610587,2
10731,-3.64649686061073,40.4339394644596,2
3528,-3.63540840996762,40.4450685849662,2
5944,-3.64034607687203,40.4370432484347,2
5945,-3.64177298990656,40.4363589626511,2
10003,-3.64635725347553,40.4339916010043,2
10004,-3.6462132357018,40.4340006317326,2
10007,-3.63148507668845,40.4397056579157,2
10008,-3.63252137078265,40.4393341334654,2
5947,-3.63626948502041,40.4353453435787,2
5948,-3.63534329994133,40.4342528678131,2
5949,-3.63497439315027,40.4335573751347,2
5950,-3.63491979383219,40.4336089090383,2
10717,-3.63410347210417,40.432488909564,2
5962,-3.6330550076045,40.433562673667,2
5963,-3.63488800285389,40.4327583146203,2
5975,-3.63391265588299,40.4320948132639,2
5985,-3.63587892472093,40.4350468944369,2
10348,-3.63287606740346,40.4335833102712,2
10482,-3.63040172815873,40.434216830981,2
10720,-3.63635431634851,40.4353611648419,2
10719,-3.63505276678497,40.433569885943,2
10714,-3.63400042542079,40.4321130745482,2
5994,-3.6364316394211,40.4362390937515,2
5995,-3.63680700550812,40.4356160247405,2
6005,-3.63226842571798,40.4341016571011,2
6023,-3.64752016174975,40.4457624270359,2
6024,-3.64547456542184,40.4448838077857,2
6025,-3.64149716597939,40.4424379848434,2
3791,-3.63994789300119,40.4405226047242,2
6037,-3.64180590551504,40.4411299952008,2
10125,-3.64464440733763,40.4399251881671,2
10124,-3.63933384447635,40.4422059854569,2
10122,-3.64691768210689,40.4455671960132,2
10123,-3.64563143240174,40.4460256853502,2
10126,-3.64489836299698,40.4445060235912,2
10128,-3.64286298072009,40.4435580397075,2
10127,-3.64437091124018,40.4443732195769,2
6054,-3.64611208590636,40.4454212601882,2
6055,-3.64546092863607,40.4445190373416,2
6056,-3.64536447756453,40.4447524074146,2
6057,-3.64426880312094,40.4439507166338,2
4773,-3.71379383873925,40.3851604830849,10
10612,-3.71191274162008,40.3888412529781,10
4774,-3.70893413983194,40.3855056618248,10
10609,-3.71202608745781,40.3900195223772,10
4777,-3.71238266880127,40.385877707158,10
4776,-3.71126380376747,40.3835639282524,10
4781,-3.71129588125141,40.3834377375583,10
4807,-3.71123806592936,40.3821054129063,10
10610,-3.71197991820776,40.3900366407529,10
10582,-3.71379363424823,40.3851346754042,10
3479,-3.71420292620077,40.3849645757505,10
4782,-3.71030228946574,40.3828218858277,10
10611,-3.71172919627356,40.3896651761747,10
11025,-3.72598244315586,40.3922203272732,3
5037,-3.72206314235914,40.3943062472796,3
5038,-3.72308401728381,40.3938134013797,3
5039,-3.72561820168404,40.3923512174128,3
5040,-3.72214203107814,40.394326450454,3
5041,-3.72796202831408,40.3909962571907,3
5042,-3.72770866524146,40.3912212957008,3
5043,-3.7299228907592,40.3896911554592,3
5044,-3.73088591780862,40.3890318365272,3
5045,-3.73389474671083,40.387126179149,3
5046,-3.7333376701027,40.3874382040043,3
5055,-3.73452127451835,40.3861346187788,3
5056,-3.72986582032393,40.3894694768794,3
5058,-3.72714872575159,40.3922233080711,3
5059,-3.72938540229962,40.3907864803777,3
3685,-3.73097455345795,40.3882688277213,3
3686,-3.73262283890964,40.3888525909927,3
5247,-3.73030564011783,40.3895095675161,3
5061,-3.73100816795028,40.3882222037377,3
10025,-3.73260849940074,40.388873145553,3
3447,-3.72307548957408,40.3940102380376,3
5255,-3.72903759281008,40.3868396254304,10
5063,-3.72709033091549,40.3860279374397,10
5064,-3.72497766845589,40.3856216593101,10
5065,-3.72315508953602,40.3853561590326,10
10575,-3.72905176738802,40.386809980776,10
5067,-3.7208345827603,40.3852240003215,10
5068,-3.72092950618857,40.3842218637574,10
5069,-3.715349636718,40.3851866254444,10
5070,-3.72818631803416,40.3852487408662,10
5071,-3.72375595207812,40.3847052146405,10
5075,-3.72342095580319,40.3862706317828,10
5076,-3.72336839859074,40.3862979782009,10
3655,-3.72345695714309,40.3876734405065,10
5077,-3.7257289300524,40.3872858642248,10
5078,-3.72233681672379,40.3868514151158,10
5079,-3.7225853167533,40.3845420981628,10
5083,-3.72134660365538,40.3846469896046,10
5084,-3.71795379240414,40.3836676799627,10
5085,-3.71712008475742,40.3865663779039,10
3742,-3.71655045336326,40.3863482750687,10
5087,-3.71674629369471,40.3876934788181,10
5088,-3.71630097270129,40.3868538442095,10
5089,-3.72180530550303,40.385373693713,10
5090,-3.71921500617314,40.384355420545,10
5091,-3.71970104575454,40.3842253181279,10
10576,-3.72710447970238,40.3859958302392,10
10577,-3.72498058545396,40.3855933171943,10
10578,-3.72316125428064,40.3853302595909,10
10579,-3.72083107331357,40.3851969298354,10
3574,-3.72604637764103,40.3855522805349,10
10580,-3.71983876166255,40.3851876756656,10
10581,-3.71534701768465,40.3852242457458,10
10982,-3.71973112926151,40.3842627481373,10
11030,-3.71629863211296,40.3852206634941,10
11005,-3.71601043478946,40.3898951063316,10
11006,-3.71724694217,40.3859311946582,10
3634,-3.71668691525313,40.3877258355239,10
10257,-3.72146613577254,40.3868960570505,10
10256,-3.72155566862166,40.3864771012933,10
10250,-3.71983586874031,40.3852184804511,10
10251,-3.72458967193854,40.3871232349992,10
10614,-3.71908857969092,40.3858306457201,10
10613,-3.71945781841679,40.3864117502325,10
10615,-3.71973235383172,40.3858143970867,10
10637,-3.72733024826374,40.3876941105414,10
10638,-3.72729392680596,40.3871905441815,10
10617,-3.72880780512475,40.3879931740509,3
10618,-3.72844140433995,40.3883191614359,3
10616,-3.72948663731575,40.3884265523426,3
11007,-3.7188973185191,40.3852023701237,10
3635,-3.71674268739512,40.3852449261311,10
10332,-3.71762439971962,40.3845950397479,10
10848,-3.71826794346966,40.384780635019,10
10849,-3.71736090674855,40.3858188361418,10
10850,-3.71708578552526,40.3858213057916,10
5093,-3.72933291001487,40.3871398428819,3
3687,-3.72974674549277,40.3869804978427,3
3573,-3.72597574948856,40.3858945460238,10
3633,-3.71633686430816,40.3854758993435,10
5094,-3.71605554864764,40.3891438423689,10
5098,-3.71646427805201,40.3891316946118,10
3551,-3.71542177979142,40.3929329652224,10
5105,-3.73359563252542,40.3893305209598,3
5115,-3.73572922175143,40.3902391590202,3
5118,-3.73492683851578,40.3903935940594,3
6116,-3.64621686933575,40.4083216859955,6
6117,-3.64715212800688,40.4086160149918,6
6118,-3.64471797663109,40.4072194749193,6
6119,-3.64462933822596,40.407106637643,6
6123,-3.64435986847166,40.4085090442011,6
6121,-3.65620349541902,40.4099488593949,6
6122,-3.65483194608119,40.4114442731524,6
6455,-3.65443219639685,40.4117916196274,6
6433,-3.65491092003848,40.4125832338698,6
6124,-3.64234461714483,40.404214676828,6
6125,-3.64074915844592,40.4055288596411,6
6456,-3.65337148673942,40.4128303807833,6
6454,-3.65347885805462,40.4128490417149,6
6453,-3.6521805245465,40.4140530270172,6
6457,-3.6512919364573,40.4141186371436,6
6439,-3.65273204822991,40.4122621704415,6
6463,-3.65341910212066,40.4122729516902,6
10889,-3.64696497202386,40.407391660978,6
10890,-3.64510077897352,40.4081736365861,6
3781,-3.65411827476165,40.4041091335091,6
6129,-3.6545883486609,40.4043796890777,6
6130,-3.65438760650228,40.4044079986314,6
6131,-3.65447909099091,40.4044724833019,6
6132,-3.65458926570346,40.4040191198259,6
6465,-3.65174864688197,40.4144272962572,6
6466,-3.65293786440078,40.4135204182189,6
9945,-3.65368448373679,40.4105607604709,6
9946,-3.65396956576749,40.4106673763125,6
9948,-3.64887944272969,40.4092932930388,6
9947,-3.6484815757566,40.4092314526631,6
9951,-3.65276537714123,40.413379941452,6
9950,-3.6510431871597,40.4150616020132,6
6908,-3.65426495465379,40.4060075157881,6
9949,-3.65629828901023,40.4064813141634,6
6142,-3.6388594799868,40.4310753890945,2
6143,-3.63740338003119,40.4316859287332,2
6144,-3.64099115849924,40.432425434064,2
6148,-3.64151865595676,40.4316333359774,2
6165,-3.63742368530557,40.4339270749891,2
6167,-3.6391040863998,40.4318675539097,2
10445,-3.63593537882541,40.432296720884,2
6189,-3.63580777160876,40.4325671359802,2
6237,-3.62067972922617,40.4553071990823,12
3508,-3.61855363029225,40.4564848019594,12
10131,-3.61680902324022,40.4575966832017,12
10132,-3.61796840417236,40.4586699400978,12
11009,-3.62526986055458,40.4579514629523,12
3656,-3.61885021405289,40.45871206865,12
3657,-3.61591989882105,40.4575496749504,12
3658,-3.62616284233121,40.4625604970009,12
11010,-3.62482562045248,40.4577266385625,12
6252,-3.61663456738481,40.4593010613238,12
6255,-3.62651508704122,40.4590769590294,12
3784,-3.6239549439771,40.4565422589772,12
3785,-3.62486848229031,40.4577013885243,12
6260,-3.62522185797315,40.4579800328311,12
6263,-3.6262608306478,40.4576251323101,12
6264,-3.62393151535632,40.4579662451729,12
6265,-3.61858065307274,40.4568665765541,12
6266,-3.61954779412777,40.4568089077102,12
6267,-3.62387490020366,40.4541266712658,12
6940,-3.62114973736706,40.4548860928872,12
6269,-3.62392994602832,40.4563832945276,12
6270,-3.62309135861542,40.4550325548311,12
6925,-3.62680962163628,40.4593723905026,12
6926,-3.6176361287522,40.4602282254601,12
6998,-3.61615871491636,40.4598854044135,12
6999,-3.61628616788922,40.4595137723312,12
10147,-3.62702872771928,40.4626413828389,12
10679,-3.6226577189642,40.4538408174863,12
10681,-3.62160020025222,40.4547220911678,12
11003,-3.62677739640075,40.4593881822114,12
11004,-3.62654730010146,40.4590598660452,12
11011,-3.62397890124911,40.4563645957003,12
11012,-3.6239146437374,40.4565648613443,12
11013,-3.6231540173549,40.4550045651937,12
10869,-3.62460448359738,40.462798117936,12
6279,-3.62451955235145,40.4572390158575,12
6283,-3.61945313937264,40.4558672163159,12
6284,-3.61774365584245,40.4570344179733,12
6285,-3.61670621913444,40.4596605473416,12
10146,-3.62474462069692,40.4626143139403,12
5135,-3.72760104996015,40.3811757123002,10
5136,-3.72636885024361,40.3822170716497,10
5137,-3.7248128183373,40.3834330141775,10
5138,-3.72282866782347,40.3844569253192,10
5139,-3.72382493063004,40.3846291193925,10
5140,-3.72596743746169,40.3810379733841,10
5092,-3.7219319928517,40.3830207170623,10
10510,-3.72483210868219,40.3812698402293,10
10507,-3.7257091074199,40.380359361794,10
10508,-3.72574901268621,40.3803864149097,10
10509,-3.72629226983107,40.3812349582613,10
10506,-3.72746475323627,40.3790973612274,10
10981,-3.72190794906538,40.382992978514,10
11026,-3.72560720999157,40.3828028722091,10
6358,-3.64872430579925,40.4370139505219,2
6363,-3.65024561163103,40.4371723903244,2
6364,-3.6486498647131,40.4352564168268,2
6365,-3.64903862008945,40.435767652369,2
6366,-3.64707522834715,40.4386004371564,2
6367,-3.64436285374896,40.4352580264177,2
6368,-3.64705109133138,40.4386803635119,2
6369,-3.64667786599511,40.4393210912075,2
6967,-3.64514275655606,40.4397736899692,2
6387,-3.64833263678316,40.4370026515835,2
5488,-3.7009452699963,40.4527173954921,7
5496,-3.69949338075029,40.4518981468573,7
3425,-3.70302788733741,40.4535116808247,7
3426,-3.70314689234183,40.4527393164633,7
3427,-3.70331064966179,40.4516648312791,7
5695,-3.70357890054551,40.4498886321294,7
3583,-3.70369708498895,40.4490526227177,7
3584,-3.70381167990643,40.4482936894579,7
5696,-3.70328634962881,40.4454596021786,7
5697,-3.70384339040341,40.4475555807977,7
5698,-3.70370030621063,40.4485145246839,7
5699,-3.7034032621614,40.4504809903839,7
5700,-3.70321204748535,40.4518163705813,7
5701,-3.70303395434252,40.4529250687218,7
5706,-3.70391506324821,40.4529013635205,7
5707,-3.70444201284005,40.4500581390343,7
5708,-3.70259293742232,40.4504462503837,7
5709,-3.70279534138364,40.4483435924194,7
5710,-3.70578275009764,40.4468497285151,7
5711,-3.70021131691216,40.4466086934073,7
5712,-3.69789060919494,40.4464715670601,7
5713,-3.69693030269847,40.4464373436226,7
5716,-3.6961127745057,40.446521419655,7
5717,-3.69736523083843,40.4465871373924,7
5718,-3.70063963245854,40.4468000344021,7
5721,-3.69550090445625,40.4467242580711,7
5727,-3.69670240701419,40.4493096472644,7
5728,-3.69719736900246,40.4456290746412,7
5729,-3.69709836298026,40.4470607976361,7
5730,-3.69695218710424,40.4483271442818,7
5733,-3.69800596172232,40.4493065790034,7
5735,-3.69840743732064,40.4488527888879,7
5736,-3.69751404968775,40.4480512202659,7
5738,-3.69807143481288,40.4465598872622,7
5741,-3.69788145778375,40.4465309112503,7
7115,-3.70309253891441,40.4531833281779,7
3454,-3.70164007132368,40.453403205933,7
3455,-3.70361499791311,40.4491079136195,7
3456,-3.70396474104778,40.4518848281296,7
5742,-3.6985521672738,40.447427785508,7
7018,-3.70660812543735,40.4413765780411,7
7069,-3.70820192880331,40.4395928868582,7
7021,-3.70881961463933,40.4405473891156,7
3511,-3.71089383291054,40.4397729227919,7
7020,-3.71084697394956,40.4397268006872,7
7140,-3.69767113191968,40.4464901029253,7
6434,-3.6420111559672,40.4104974734843,6
6435,-3.63945533760335,40.4093349354455,6
6437,-3.63357670774744,40.4081394188118,6
6438,-3.63945487996038,40.4093953056578,6
6440,-3.63579887879175,40.4037706497423,6
6442,-3.6374160971473,40.4014158297447,6
6452,-3.64250953348295,40.4092150976013,6
10671,-3.63482969151331,40.4089732382552,6
10672,-3.63504842048979,40.4073153699922,6
10669,-3.64198843803168,40.4094744393287,6
10670,-3.64035450540913,40.4087272896804,6
10673,-3.63727216693094,40.4088836246335,6
10674,-3.63621777196226,40.4084589039223,6
10675,-3.63763501913878,40.4088118446851,6
10677,-3.63856996324984,40.4100650964385,6
10676,-3.63802372120329,40.4080647843457,6
6467,-3.64906572774487,40.4122228539458,6
9854,-3.61710836989315,40.4634449277332,12
9855,-3.61565458097685,40.4637863446575,12
6969,-3.61601432393489,40.4633394194041,12
10478,-3.62860844169608,40.4371014505943,2
5185,-3.7324001191267,40.4003432723613,3
5186,-3.73179948878819,40.3992619882038,3
5188,-3.73413430068793,40.398971757745,3
5187,-3.73365305519404,40.3995228563408,3
5207,-3.61909783901023,40.3787003341599,9
5208,-3.61874331471833,40.37915027121,9
10787,-3.60979803285615,40.3813372124198,9
10786,-3.61056997803875,40.3818440576866,9
5209,-3.61713934498115,40.3794943060027,9
3772,-3.61728721277521,40.3796034754464,9
5210,-3.61745777545299,40.3794655294111,9
5283,-3.72069607278021,40.3948208865422,3
5302,-3.71292107676636,40.3899564470971,10
5303,-3.71189917240676,40.3899983129709,10
10929,-3.71162835056721,40.390952109407,10
5357,-3.60902488439154,40.369419802814,9
5358,-3.60824069768718,40.3680876401716,9
5359,-3.61014979882676,40.3679822257933,9
5360,-3.60820487184754,40.3681879057222,9
5361,-3.61132698418125,40.3694829857609,9
5362,-3.6071244841311,40.371674433404,9
5363,-3.60671296172975,40.3707558300758,9
5364,-3.60796853954971,40.3705639781339,9
5365,-3.60820510590401,40.3714268307794,9
5366,-3.60744344995736,40.3674158877066,9
5367,-3.60736013071392,40.367513539941,9
9864,-3.60626624992666,40.3715588799898,9
9863,-3.60676932150649,40.3703225828856,9
5383,-3.60245988215474,40.3685829045803,9
5368,-3.60473897697902,40.3664869109778,9
5369,-3.60480714723639,40.3663986447384,9
5370,-3.60601442528478,40.3662506730364,9
10976,-3.60619466634787,40.3666355128892,9
4707,-3.70634700313015,40.4129745193632,5
4708,-3.70782521227664,40.4121569901967,5
4709,-3.70783971361452,40.4122466830283,5
4713,-3.71262394126278,40.4138746578795,5
4714,-3.71051678259705,40.4135408950549,5
4715,-3.70909396022361,40.4137106521597,5
4716,-3.70804877358278,40.4143604338656,5
4717,-3.70808792710814,40.4136181863972,5
4718,-3.70487126393656,40.4131647504757,5
3401,-3.70654103030804,40.4138820126694,5
3678,-3.72057456390017,40.4744310761292,8
4719,-3.72067546271749,40.47388192612,8
4720,-3.72124265998552,40.4742541072836,8
4731,-3.71459521835817,40.4704521512003,8
4733,-3.71575105898531,40.4699763552857,8
9883,-3.71544564951726,40.4771109384372,8
9884,-3.71721218434999,40.4765850774286,8
9887,-3.71596302632576,40.4760948891756,8
9886,-3.71637317866411,40.477975355713,8
9906,-3.71395280851083,40.4732838860212,8
4737,-3.71743522789018,40.4731605113363,8
4738,-3.71812020932905,40.4732165957171,8
9905,-3.71639417437419,40.4731328694506,8
9904,-3.7148683879311,40.4724584830051,8
9903,-3.715330195656,40.4739778050488,8
9899,-3.71616317789829,40.4703014022659,8
9900,-3.71623479897292,40.4702041782408,8
9975,-3.71451749597152,40.4704888132975,8
9974,-3.71496176775233,40.472433584629,8
9973,-3.71560692120201,40.4713945968528,8
9976,-3.71362548371486,40.4713377898134,8
10965,-3.72980082038476,40.4030388122079,3
10966,-3.72894706733638,40.4027535213948,3
10967,-3.73069520203742,40.4015448966676,3
10253,-3.73017105373694,40.3875949926144,3
10574,-3.73020303520842,40.3875738556719,3
5057,-3.72384362751077,40.3927373833136,3
3576,-3.73600536072691,40.3896269506328,3
5114,-3.7387061563658,40.3891266408619,3
5107,-3.74010857481563,40.3892775162802,3
10254,-3.73062461437099,40.3882648229698,3
5125,-3.7374408454985,40.3894819418306,3
5126,-3.73743043571747,40.3892214936561,3
4472,-3.70857438248486,40.445108293294,7
3513,-3.70691484098346,40.4470855771301,7
5772,-3.70887406969451,40.4471803021294,7
5773,-3.71076498824624,40.446848086409,7
5774,-3.71644564638714,40.4463601674763,7
5775,-3.71432220576494,40.4458016073485,7
5776,-3.71205197221081,40.4463668171533,7
5777,-3.71007245449387,40.4468692694154,7
3411,-3.70740510632971,40.4461188807384,7
3439,-3.70894472074334,40.4478761716416,7
5778,-3.71043940240507,40.4460135930661,7
5779,-3.71250439805748,40.4469334182363,7
5780,-3.71481675829745,40.4449240615139,7
3499,-3.71884574127203,40.4460583025178,7
3500,-3.71745099220658,40.4474852490782,7
4056,-3.67057524516276,40.4212513473789,1
5782,-3.71488201853214,40.4461050935281,7
